,PR@1,PR@2,PR@3,PR@4,PR@5,PR@avg,Acc
DyCause,0.0,0.0,0.3333333333333333,0.5,0.5,0.26666666666666666,0.5
MicroCI,0.5,0.5,0.3333333333333333,0.5,0.5,0.4666666666666667,0.6098484848484849
MicroCIn,0.5,0.5,0.3333333333333333,0.5,0.5,0.4666666666666667,0.6098484848484849
