,PR@1,PR@2,PR@3,PR@4,PR@5,PR@avg,Acc
0,0.0,0.0,0.0,0.0,0.0,0.0,0.0
1,1.0,0.5,0.6666666666666666,0.5,0.5,0.6333333333333333,0.5
2,0.0,0.0,0.3333333333333333,0.25,0.25,0.16666666666666666,0.25
3,1.0,0.5,0.6666666666666666,0.5,0.5,0.6333333333333333,0.9090909090909091
4,1.0,0.5,0.6666666666666666,0.5,0.5,0.6333333333333333,0.9166666666666667
5,1.0,1.0,0.6666666666666666,0.5,0.5,0.7333333333333333,0.9393939393939394
6,1.0,1.0,0.6666666666666666,0.5,0.5,0.7333333333333333,0.9621212121212122
7,1.0,1.0,0.6666666666666666,0.75,0.75,0.8333333333333333,0.9772727272727273
8,1.0,1.0,0.6666666666666666,0.75,0.75,0.8333333333333333,0.9772727272727273
