,PR@1,PR@2,PR@3,PR@4,PR@5,PR@avg,Acc
0,0.0,0.0,0.0,0.0,0.25,0.05,0.8560606060606061
1,0.0,0.0,0.3333333333333333,0.25,0.25,0.16666666666666666,0.25
2,0.0,0.0,0.3333333333333333,0.5,0.5,0.26666666666666666,0.7196969696969697
