,PR@1,PR@2,PR@3,PR@4,PR@5,PR@avg,Acc
0,1.0,0.5,0.6666666666666666,0.5,0.5,0.6333333333333333,0.7348484848484849
1,1.0,0.5,0.6666666666666666,0.75,0.75,0.7333333333333333,0.9696969696969697
2,1.0,1.0,1.0,0.75,0.75,0.9,0.75
3,0.0,0.5,0.3333333333333333,0.5,0.5,0.36666666666666664,0.5
4,0.0,0.5,0.3333333333333333,0.5,0.5,0.36666666666666664,0.5
5,0.0,0.5,0.3333333333333333,0.5,0.5,0.36666666666666664,0.5
6,0.0,0.5,0.3333333333333333,0.5,0.5,0.36666666666666664,0.5
7,0.0,0.5,0.6666666666666666,0.5,0.5,0.4333333333333333,0.5
8,0.0,0.5,0.6666666666666666,0.5,0.5,0.4333333333333333,0.5
