,PR@1,PR@2,PR@3,PR@4,PR@5,PR@avg,Acc
DyCause+linear,0.1,0.15,0.26666666666666666,0.25,0.325,0.21833333333333332,0.39242424242424245
DyCause+prla,0.4,0.45,0.4333333333333333,0.425,0.45,0.43166666666666664,0.5772727272727273
DyCause+BPMF,0.2,0.35,0.3,0.225,0.275,0.26999999999999996,0.296969696969697
MicroCI4:1,0.5,0.45,0.39999999999999997,0.375,0.4,0.425,0.7424242424242424
MicroCI3:1,0.5,0.45,0.4333333333333333,0.4,0.45,0.44666666666666666,0.7500000000000001
MicroCI2:1,0.5,0.55,0.4666666666666666,0.425,0.525,0.49333333333333335,0.7628787878787879
MicroCI1:1,0.5,0.55,0.4999999999999999,0.45,0.525,0.505,0.7681818181818182
MicroCI1:2,0.4,0.55,0.5333333333333333,0.525,0.625,0.5266666666666666,0.7742424242424243
MicroCI1:3,0.4,0.5,0.5333333333333333,0.525,0.625,0.5166666666666667,0.7757575757575758
