,PR@1,PR@2,PR@3,PR@4,PR@5,PR@avg,Acc
0,0.0,0.5,0.6666666666666666,0.5,0.5,0.4333333333333333,0.9015151515151515
1,0.0,0.5,0.6666666666666666,0.5,0.5,0.4333333333333333,0.9090909090909091
2,0.0,0.0,0.3333333333333333,0.25,0.25,0.16666666666666666,0.25
3,0.0,0.5,0.6666666666666666,0.5,0.5,0.4333333333333333,0.5
4,0.0,0.0,0.0,0.0,0.0,0.0,0.0
5,0.0,0.0,0.0,0.0,0.25,0.05,0.6515151515151515
6,0.0,0.0,0.0,0.25,0.5,0.15,0.696969696969697
7,0.0,0.0,0.3333333333333333,0.5,0.5,0.26666666666666666,0.7348484848484849
8,0.0,0.0,0.3333333333333333,0.5,0.75,0.31666666666666665,0.7424242424242424
9,0.0,0.0,0.3333333333333333,0.5,0.75,0.31666666666666665,0.7424242424242424
10,0.0,0.0,0.3333333333333333,0.5,0.75,0.31666666666666665,0.7424242424242424
