,PR@1,PR@2,PR@3,PR@4,PR@5,PR@avg,Acc
0,0.0,0.5,0.6666666666666666,0.5,0.5,0.4333333333333333,0.5
1,0.0,0.5,0.6666666666666666,0.75,1.0,0.5833333333333333,0.9924242424242424
2,0.0,0.5,0.6666666666666666,0.5,0.5,0.4333333333333333,0.5
