,PR@1,PR@2,PR@3,PR@4,PR@5,PR@avg,Acc
0,0.0,0.5,0.6666666666666666,0.75,0.75,0.5333333333333333,0.75
1,1.0,1.0,1.0,0.75,0.75,0.9,0.75
2,0.0,0.0,0.3333333333333333,0.5,0.5,0.26666666666666666,0.7272727272727273
3,0.0,0.0,0.3333333333333333,0.5,0.5,0.26666666666666666,0.7272727272727273
