,PR@1,PR@2,PR@3,PR@4,PR@5,PR@avg,Acc
0,0.0,0.5,0.3333333333333333,0.25,0.25,0.26666666666666666,0.25
1,1.0,0.5,0.3333333333333333,0.25,0.25,0.4666666666666666,0.25
2,0.0,0.0,0.0,0.0,0.25,0.05,0.24242424242424243
3,0.0,0.0,0.0,0.0,0.25,0.05,0.24242424242424243
