,PR@1,PR@2,PR@3,PR@4,PR@5,PR@avg,Acc
0,1.0,0.5,0.6666666666666666,0.5,0.5,0.6333333333333333,0.5
1,0.0,0.0,0.3333333333333333,0.5,0.5,0.26666666666666666,0.7348484848484849
2,1.0,0.5,0.3333333333333333,0.25,0.25,0.4666666666666666,0.25
3,1.0,0.5,0.3333333333333333,0.25,0.25,0.4666666666666666,0.25
