,PR@1,PR@2,PR@3,PR@4,PR@5,PR@avg,Acc
0,0.0,0.0,0.0,0.0,0.0,0.0,0.0
1,1.0,0.5,0.3333333333333333,0.25,0.25,0.4666666666666666,0.25
2,0.0,0.5,0.3333333333333333,0.25,0.25,0.26666666666666666,0.44696969696969696
3,1.0,0.5,0.3333333333333333,0.25,0.25,0.4666666666666666,0.25
4,1.0,0.5,0.3333333333333333,0.25,0.25,0.4666666666666666,0.25
5,1.0,0.5,0.3333333333333333,0.25,0.25,0.4666666666666666,0.25
6,1.0,0.5,0.3333333333333333,0.25,0.25,0.4666666666666666,0.25
7,1.0,0.5,0.3333333333333333,0.25,0.25,0.4666666666666666,0.25
8,1.0,0.5,0.3333333333333333,0.25,0.25,0.4666666666666666,0.25
