,PR@1,PR@2,PR@3,PR@4,PR@5,PR@avg,Acc
DyCause+linear,0.2,0.15,0.13333333333333333,0.175,0.2,0.17166666666666666,0.29924242424242425
DyCause+prla,0.4,0.3,0.2333333333333333,0.2,0.2,0.26666666666666666,0.34318181818181814
DyCause+BPMF,0.3,0.25,0.16666666666666666,0.125,0.125,0.1933333333333333,0.2303030303030303
MicroCI4:1,0.2,0.25,0.16666666666666666,0.125,0.15,0.17833333333333332,0.3727272727272727
MicroCI3:1,0.2,0.25,0.16666666666666666,0.125,0.15,0.17833333333333332,0.3795454545454545
MicroCI2:1,0.2,0.15,0.16666666666666666,0.175,0.2,0.17833333333333334,0.3916666666666667
MicroCI1:1,0.2,0.25,0.26666666666666666,0.225,0.275,0.24333333333333332,0.4083333333333334
MicroCI1:2,0.3,0.25,0.26666666666666666,0.25,0.25,0.2633333333333333,0.4159090909090909
MicroCI1:3,0.3,0.25,0.26666666666666666,0.25,0.25,0.2633333333333333,0.4204545454545454
