,PR@1,PR@2,PR@3,PR@4,PR@5,PR@avg,Acc
DyCause+prla,0.35,0.475,0.5499999999999999,0.55,0.55,0.49499999999999994,0.55
DyCause+BPMF,0.4,0.4,0.36666666666666664,0.3625,0.4,0.38583333333333336,0.4340909090909091
MicroCI,0.3,0.35,0.3999999999999999,0.3875,0.4875,0.3849999999999999,0.553409090909091
MicroCIn,0.3,0.35,0.3999999999999999,0.3875,0.4875,0.3849999999999999,0.553409090909091
