,PR@1,PR@2,PR@3,PR@4,PR@5,PR@avg,Acc
0,0.0,0.0,0.0,0.0,0.0,0.0,0.3484848484848485
1,0.0,0.0,0.0,0.0,0.0,0.0,0.3484848484848485
2,0.0,0.0,0.3333333333333333,0.5,0.75,0.31666666666666665,0.7424242424242424
3,0.0,0.0,0.3333333333333333,0.5,0.75,0.31666666666666665,0.7424242424242424
4,0.0,0.0,0.0,0.0,0.0,0.0,0.0
5,0.0,0.0,0.0,0.0,0.0,0.0,0.0
6,0.0,0.0,0.0,0.0,0.0,0.0,0.0
7,0.0,0.0,0.0,0.0,0.0,0.0,0.0
8,0.0,0.0,0.0,0.0,0.0,0.0,0.0
9,0.0,0.0,0.0,0.0,0.0,0.0,0.0
10,0.0,0.0,0.0,0.0,0.0,0.0,0.0
