,PR@1,PR@2,PR@3,PR@4,PR@5,PR@avg,Acc
DyCause+linear,0.4,0.4,0.3333333333333333,0.275,0.3,0.3416666666666667,0.3462121212121212
DyCause+prla,0.4,0.35,0.2666666666666667,0.3,0.325,0.32833333333333325,0.47575757575757577
DyCause+BPMF,0.2,0.25,0.2,0.225,0.3,0.23499999999999996,0.38863636363636356
MicroCI4:1,0.3,0.3,0.3,0.25,0.325,0.29499999999999993,0.5598484848484849
MicroCI3:1,0.3,0.3,0.3,0.3,0.375,0.31499999999999995,0.5681818181818181
MicroCI2:1,0.2,0.35,0.3,0.35,0.375,0.315,0.5757575757575758
MicroCI1:1,0.2,0.4,0.4333333333333333,0.425,0.425,0.3766666666666666,0.5803030303030303
MicroCI1:2,0.2,0.4,0.5,0.475,0.5,0.4149999999999999,0.5840909090909091
MicroCI1:3,0.2,0.4,0.5,0.475,0.5,0.4149999999999999,0.5825757575757576
