,PR@1,PR@2,PR@3,PR@4,PR@5,PR@avg,Acc
0,1.0,0.5,0.3333333333333333,0.25,0.25,0.4666666666666666,0.25
1,0.0,0.5,0.3333333333333333,0.5,0.5,0.36666666666666664,0.7272727272727273
2,0.0,0.5,0.3333333333333333,0.5,0.75,0.41666666666666663,0.9772727272727273
3,0.0,0.0,0.3333333333333333,0.5,0.5,0.26666666666666666,0.5
4,0.0,0.0,0.3333333333333333,0.5,0.5,0.26666666666666666,0.5
5,0.0,0.0,0.3333333333333333,0.5,0.5,0.26666666666666666,0.5
6,0.0,0.0,0.3333333333333333,0.5,0.5,0.26666666666666666,0.5
7,0.0,0.0,0.3333333333333333,0.5,0.5,0.26666666666666666,0.5
8,0.0,0.0,0.3333333333333333,0.5,0.5,0.26666666666666666,0.5
