,PR@1,PR@2,PR@3,PR@4,PR@5,PR@avg,Acc
0,1.0,1.0,0.6666666666666666,0.5,0.5,0.7333333333333333,0.7348484848484849
1,1.0,1.0,0.6666666666666666,0.5,0.5,0.7333333333333333,0.7272727272727273
2,0.0,0.0,0.0,0.0,0.0,0.0,0.0
3,0.0,0.0,0.0,0.0,0.0,0.0,0.0
4,0.0,0.0,0.0,0.0,0.0,0.0,0.0
5,0.0,0.0,0.0,0.0,0.0,0.0,0.0
6,0.0,0.0,0.0,0.0,0.0,0.0,0.0
7,0.0,0.0,0.0,0.0,0.0,0.0,0.0
8,0.0,0.0,0.0,0.0,0.0,0.0,0.0
